{"cameraMode":{"drawMode":0,"name":"Shaded","section":"Shading Mode"},"sceneLighting":true,"audioPlay":false,"sceneViewState":{"m_AlwaysRefresh":false,"showFog":true,"showSkybox":true,"showFlares":true,"showImageEffects":true,"showParticleSystems":true,"showVisualEffectGraphs":true,"m_FxEnabled":false},"in2DMode":false,"pivot":{"x":14.79000473022461,"y":3.1550650596618654,"z":9.814444541931153},"rotation":{"x":0.1725246161222458,"y":-0.00295456126332283,"z":0.0005192866083234549,"w":0.9849783182144165},"size":5.879725933074951,"orthographic":true}