{"cameraMode":{"drawMode":0,"name":"Shaded","section":"Shading Mode"},"sceneLighting":true,"audioPlay":false,"sceneViewState":{"m_AlwaysRefresh":false,"showFog":true,"showSkybox":true,"showFlares":true,"showImageEffects":true,"showParticleSystems":true,"showVisualEffectGraphs":true,"m_FxEnabled":false},"in2DMode":false,"pivot":{"x":13.935413360595704,"y":2.8634352684020998,"z":9.667781829833985},"rotation":{"x":0.1725246161222458,"y":-0.00295456126332283,"z":0.0005192866083234549,"w":0.9849783182144165},"size":8.68988037109375,"orthographic":true}